Name, Adress
293-hmd2cd14,http://www.invivogen.com/293-md2-cd14
293-hnod1,http://www.invivogen.com/293-nod1
293-hnod2,http://www.invivogen.com/293-nod2
293-htlr1ha,http://www.invivogen.com/293-tlr1-ha
293-htlr10ha,http://www.invivogen.com/293-tlr10-ha
293-htlr2,http://www.invivogen.com/293-tlr2
293-htlr2cd14,http://www.invivogen.com/293-tlr2-cd14
293-htlr2ha,http://www.invivogen.com/293-tlr2-ha
293-htlr2/6,http://www.invivogen.com/293-tlr2-6
293-htlr3,http://www.invivogen.com/293-tlr3
293-htlr3ha,http://www.invivogen.com/293-tlr3-ha
293-htlr4ha,http://www.invivogen.com/293-tlr4-ha
293-htlr4a,http://www.invivogen.com/293-tlr4
